,row,col,K,L
GCGAAGAATCTGACGG-1,66,84,50050,E
TGAATACCGACGCGTA-1,66,82,00070,E
CAGGCAGTCTTACCAG-1,65,85,90000,E
AAACCTAAGCAGCCGG-1,65,83,53090,E
AGTCGTATAAAGCAGA-1,65,81,01290,D
GGCCGGCGTCTGCTAT-1,65,79,03090,D
AGCTAAGTACGCAGGC-1,64,86,90000,E
ATTGCCTTTATGTTTG-1,64,84,90010,E
GGCGTAGGGAAAGCTG-1,64,82,02090,D
TTGACCAGGAACAACT-1,64,80,02330,D
AGAAGGTTGTAGGTCG-1,64,78,00260,D
GGGAAGACGGTCTGTC-1,64,76,01050,D
CTCAACTAACCCGGAT-1,63,85,90030,E
GAGTGTCAACCAGAAA-1,63,83,53050,E
CTAGTAGAAAGGGATT-1,63,81,02092,D
GAACCTTTAACGATCC-1,63,79,00159,D
GTAGTCTACGATATTG-1,63,77,03050,D
CTCACTGTGATACTTA-1,63,75,00090,D
TAGACGAAACGCCAAT-1,63,73,00030,D
AGTGGCGTCTGAAGGT-1,62,86,90000,E
GTGATCCTTGTCATGA-1,62,84,20290,D
AACCTCGCTTTAGCCC-1,62,82,02090,D
TGGACCAATCTAAGAT-1,62,80,00190,D
TTGCCGCTTTCTAGTA-1,62,78,05050,D
TTAATTGCTTTGGGTG-1,62,76,01080,D
CAGCAGTCTGTGCTGC-1,62,74,00090,D
ATCCACATCGACAGAA-1,62,72,00050,D
ACTTCCATGCGGGACA-1,61,85,90000,E
CTTAGTGTAGTAGCAT-1,61,83,91150,E
GGGCGTGGTTTCCCAG-1,61,81,00290,D
TAGGTGACGATAACCT-1,61,79,01050,D
ATAATCTTGGAGAACC-1,61,77,01010,D
ACGGACTCTCAAAGCG-1,61,75,00029,D
TTATAGGTAATTGTCT-1,61,73,00090,D
GTTAAGGGTGCGATGT-1,61,71,00030,D
ACTCAAGTGCAAGGCT-1,60,86,50000,E
GGATTGCTGTGACTCC-1,60,84,90050,E
TGGCTATGTGACATAC-1,60,82,60130,D
CGGATCCTCAAGGACT-1,60,80,00590,D
CTCATTGCTCTAACAA-1,60,78,01050,D
ATGCTCTGGCGCGGTA-1,60,76,01160,D
TTGTGCAGCCACGTCA-1,60,74,00090,D
AGCAAAGGCCGCTAGT-1,60,72,01070,D
TCAAATTTGAGACTCA-1,60,70,00040,D
TACAGAAACGGTGGGC-1,59,85,90000,E
GCAGTGTGGCTATAGG-1,59,83,90220,E
CGCGACCGCGACAGAT-1,59,81,90090,D
CATGAGATGCACTCTC-1,59,79,01050,D
CTTCAACTCCACTTGG-1,59,77,02090,D
GACTGCAAATCGAGCT-1,59,75,00290,D
AAGCACCCTGCGTATC-1,59,73,00290,D
TCGGGAGACAGCGTAC-1,59,71,00260,D
CCTGGTCGAATGTGGG-1,59,69,00010,D
GAACCCTCTGTGTTCT-1,59,67,00010,D
ATACTGCCTTACACCG-1,58,84,90120,E
GTCCCGCGACGTTATG-1,58,82,01070,D
GAGCACCTGTGTCCAG-1,58,80,90020,D
ACTTACGCATCCACGC-1,58,78,01070,D
GTGTATATCAGCGGGC-1,58,76,01090,D
AGTTTGCACCTGCCTC-1,58,74,00170,D
CATAAGAAGCTTGGCT-1,58,72,01090,D
CTAGGTTCGGACGTGA-1,58,70,00010,D
ATATAAAGCGCTCGTG-1,58,68,00020,D
AATTAACGGATTTCCA-1,58,66,00030,D
AAGTTCACTCCAAGCT-1,57,85,90000,E
GCGCGTCATTGGTACA-1,57,83,01290,D
AAGCTCTTTCATGGTG-1,57,81,21090,D
ACGGATGGTGCGGATA-1,57,79,01030,D
CGTTGAATACCGCGCT-1,57,77,01090,D
CACATCTCACCGACGA-1,57,75,00080,D
CGATTCGCCTGGCTGC-1,57,73,00010,D
GAACAGATTACTAAAT-1,57,71,00250,D
ACTCCCTAATGCTAAA-1,57,69,00110,D
GCAAACCTTGGCCATA-1,57,67,00030,D
ACCCGGAAACTCCCAG-1,57,65,00030,D
TCTGAAGCACGTGGTC-1,56,84,90000,E
CATGGGTATGCCTTAT-1,56,82,91030,E
CACCCTAACAAGATCT-1,56,80,20070,D
ACCAATATGCAAGTTA-1,56,78,00530,D
CGTCGTCCTTCGCGAA-1,56,76,00090,D
TCCGCCTGTCTACAAG-1,56,74,00060,D
ATACAGGCCCTCCAAT-1,56,72,00060,D
TCCTAAATTGGGAAGC-1,56,70,01260,D
ATTCACTGATGTTGGA-1,56,68,00000,D
CCGCATGTGGTACGAT-1,56,66,00000,D
GTGGACGCATTTGTCC-1,56,64,00000,D
TACCAATAAAGTACCA-1,55,83,90000,E
CCTATAATGAGTGCCC-1,55,81,22170,D
TATCCAATTGGTTATC-1,55,79,01150,D
ATACGTACTTAGCCAC-1,55,77,03070,D
GCCTCTATACATAGCA-1,55,75,00090,D
GTTAACATCACTTAAA-1,55,73,00060,D
CCATTTCTACCTATTA-1,55,71,00253,D
TTCACTCGAGCACCTA-1,55,69,01260,D
ATCTAATATCCTACGG-1,55,67,00020,D
TGAGCGGAAAGTGTTC-1,55,65,00030,D
CAATGCGAGAAGTATC-1,54,82,90210,E
TCTCCCTGGGCAGCGT-1,54,80,02092,D
GCTATCATACTCATGG-1,54,78,02050,D
GTGTCGTATAGCGTTC-1,54,76,00050,D
ATATAAATGTAGCTGC-1,54,74,02050,D
CAAGCGGCACATAATT-1,54,72,00090,D
CTGCACTCCAGTACAG-1,54,70,02220,D
AACCTTTAAATACGGT-1,54,68,00020,D
CTTTCTGTGCGGGCTT-1,54,66,00010,D
AGCACTACCTCACCAG-1,53,81,90010,E
AAATAGGGTGCTATTG-1,53,79,01190,D
TAGCGTCCGGTGTGGT-1,53,77,01150,D
CTGCTTGGCGATAGCT-1,53,75,00090,D
AACGATAATGCCGTAG-1,53,73,00030,D
GGTAGAAGACCGCCTG-1,53,71,00040,D
AAGCATACTCTCCTGA-1,53,69,00020,D
CTAGTTACAACCCGGT-1,53,67,00020,D
AGGATAAAGTCGGGAT-1,53,65,00020,D
TGCCTTGGCCAGGCAA-1,52,82,30000,E
AAGTGTTTGGAGACGG-1,52,80,50050,E
GTTGAGTCCCGCCGGT-1,52,78,01190,D
ATCGGAGACAGACGGC-1,52,76,00180,D
TGGTCCCACGCTACGG-1,52,74,00080,D
GAGATGGGAGTCGACA-1,52,72,00250,D
GACGACGATCCGCGTT-1,52,70,00020,D
TTCGACAGAGCCCGTG-1,52,68,00040,D
CGGCAAACATCGTGCG-1,52,66,00060,D
ACTTCAGGCTGATCCC-1,51,81,90000,E
ACCGCAATAACTGCCT-1,51,79,51150,E
ATATTCCACATAGTGA-1,51,77,00090,D
GCTGCTACTGCGTAGC-1,51,75,02050,D
CTTTAATATTGGTCGA-1,51,73,00350,D
TGCCAGTACGTGGAGA-1,51,71,00270,D
TACCGTGCCTCGGACC-1,51,69,00220,D
GGACCAACAGGATAAC-1,51,67,02050,D
GTTTGGGCTTGTGAGC-1,51,65,00000,D
TCGCACCAGGAGGCAG-1,50,80,90000,E
TGGCAAACTAAATTAC-1,50,78,00050,D
CTGCACAACTACATAT-1,50,76,00053,D
TGGTTCAACGGGTAAT-1,50,74,00360,D
ATAAGGTGGAGAACAT-1,50,72,00350,D
GTAGCCAAACATGGGA-1,50,70,00220,D
AAGCTAGATCGAGTAA-1,50,68,00010,D
CTTGTCAACATTCGAG-1,50,66,00240,D
GGCTGAAATAGCAAAG-1,49,79,90000,E
ACGGCGACGATGGGAA-1,49,77,50050,D
ACAAGGAAATCCGCCC-1,49,75,00163,D
CAGGCGCCATGCTAGG-1,49,73,00350,D
CCGAACCTTCCCGGCC-1,49,71,00220,D
TTCTGCCGCGCCTAGA-1,49,69,00220,D
CCCGCAGCGCGAACTA-1,49,67,00250,D
AGACCCACCGCTGATC-1,49,65,00000,H
TTACTAAAGGACTTTA-1,48,78,90000,E
ACCACGTGCAGCTATA-1,48,76,02052,D
CACTCGAGCTGAACAA-1,48,74,00350,D
TCAGACGCTATAGAAG-1,48,72,00090,D
ACTCCCTAGAATAGTA-1,48,70,00250,D
CTCTATTTGGCTGCAG-1,48,68,01290,D
TCTAGCATGCCCAGAA-1,48,66,00200,H
TCACAGGGAATCGCAA-1,47,79,50050,E
TCGTGTACTATGGATG-1,47,77,50030,D
TCGCAAAGATGCATTT-1,47,75,00550,D
CACATATTAGCAGGAT-1,47,73,01490,D
ATGTGGACATCTTGAT-1,47,71,00060,D
AAATACCTATAAGCAT-1,47,69,01260,D
GTTACCTACAACTTGC-1,47,67,00320,D
TACCGGCTCACTGCCC-1,47,65,00000,H
GCGGAGAGGGAGAACG-1,46,78,90000,E
GTCGTTATTCGCTTAT-1,46,76,00080,D
CAAGAGGGCGGAGTAC-1,46,74,01090,D
GTACGCTTCATTGCAC-1,46,72,00030,D
TTATTAGAGCGTGTTC-1,46,70,00240,D
TGACTATAATCCTTTC-1,46,68,01420,D
GTATCTTTCATAACCA-1,46,66,00040,H
GTGGTGGCCAAGTGAA-1,45,79,30030,E
GAGATCTTCCATGACA-1,45,77,51050,D
TGCCCGTACCGTTAAA-1,45,75,00060,D
CATGGTAAGTAGCGTT-1,45,73,01090,D
AGCGTGGTATTCTACT-1,45,71,00060,D
GGCAAGGCGAAATAGC-1,45,69,01130,D
AAACTGCTGGCTCCAA-1,45,67,00040,H
TCCCGTGTGCAATTTG-1,44,80,30030,E
AATGACGTAGGATGTC-1,44,78,51050,E
ACAAGGGCAGGCTCTG-1,44,76,01060,D
CGTTGAGCGACCGTCG-1,44,74,01090,D
CTAAGGGAATGATTGG-1,44,72,01040,D
GATCTTGGAGGGCATA-1,44,70,02040,D
GTACGTTTGCCCGTCA-1,44,68,00220,D
CTGGGTAGGCAGTTAA-1,43,79,30010,E
CGTGCCCTCCCGAAGA-1,43,77,02090,D
GATGCTGTATTTCATC-1,43,75,01290,D
CGCCTCCCTCCTCTAT-1,43,73,00090,D
ACGCCGCTAGACGACC-1,43,71,00040,D
GCTACGACTTATTGGG-1,43,69,02040,D
GGAGACGACACCTTTG-1,43,67,00070,H
GTTTGGCCCAAGTTAT-1,42,80,30010,E
ACTCTCTGACTTAGGT-1,42,78,10000,D
TGCGTTTGTTGACACT-1,42,76,00090,D
CTAGATTTACGACGGC-1,42,74,00050,D
ACTTGACTCCCTCTTT-1,42,72,00090,D
CTGTGCAGGGTAGGTC-1,42,70,00140,D
CCTAAATTAACGGTTC-1,42,68,01090,D
CAGTCTGTATACTGGG-1,42,66,00040,H
CTCGGTACCACTGCTC-1,41,81,00000,E
TCTGCCAGAAACTGCA-1,41,79,10050,D
GTGAGGACACTTAAGG-1,41,77,01020,D
GTGTTACTATGCGTCC-1,41,75,00090,D
GCTGCACGGTTTCTTA-1,41,73,00090,D
GATTCGACGGTTCACG-1,41,71,00040,D
ACGTTAATGTCGAAGA-1,41,69,00250,D
AGGTTTCACACACCTT-1,41,67,01240,D
GCGCCGTTCCACGATA-1,41,65,00000,H
TTCTGCGGGTTAGCGG-1,40,80,20020,E
ATACGCCGGCGAAACC-1,40,78,10050,E
TCCTCGGGCTGGGCTT-1,40,76,02150,D
CGTGCAGACTGGGACA-1,40,74,03090,D
GTTTCTGCAGTCTCCC-1,40,72,00090,D
TCCAGAGCACCGGTTC-1,40,70,00230,D
CAAGGATCGCATGTTC-1,40,68,01450,D
CGCATGGTGCGATGCT-1,40,66,00050,D
GTCAAGCGGACTCGGG-1,39,77,50050,E
GTCGCGTAACCCGTTG-1,39,75,00050,D
GATCCGGGAATTAACA-1,39,73,01090,D
TCTTCGAATAGACGTT-1,39,71,00090,D
GTAGCGGCTATACACT-1,39,69,00050,D
CGGAGCATGGCGATCC-1,39,67,00080,D
GCTAGTAGAGCTTGTA-1,39,65,00143,D
CGAGGGACTGCGGTCG-1,38,78,20000,E
AGCTCTAGACGTTCCA-1,38,76,90020,D
TTATATACGCTGTCAC-1,38,74,00050,D
GATCGTGACTGATATC-1,38,72,02190,D
TAACATACAATGTGGG-1,38,70,00070,D
TAGCGTTGGGTCTTAC-1,38,68,00040,D
TGCTGTTGAAGAACTC-1,38,66,01160,D
CACATGATTCAGCAAC-1,38,64,00030,D
GCGATTGTTAACGTTA-1,37,77,50000,E
CCACCCAAGGAAAGTG-1,37,75,90020,E
TGGACTGTTCGCTCAA-1,37,73,00090,D
ATTAGGCGATGCTTTC-1,37,71,01190,D
CTAGTCACGTCTTAAG-1,37,69,00090,D
GTCATTAGAGCGAACG-1,37,67,01160,D
CCAGCCTGGACCAATA-1,37,65,00130,D
CAATTTCGTATAAGGG-1,37,63,00000,D
GCAGATTAGGGATATC-1,37,61,00010,H
CCGCACAAAGACCAAC-1,36,76,90000,E
AACGTGCGAAAGTCTC-1,36,74,00090,D
TTCGGGACTAATCGCG-1,36,72,00090,D
ACTCTTGTATAGTAAC-1,36,70,01090,D
AAGACTGCAAGCTACT-1,36,68,00090,D
ATGGAGCAGGCCGTGA-1,36,66,00140,D
GTACACTTACCTGAAG-1,36,64,00130,D
CCTGTCGCCCGTAAAT-1,36,62,00110,D
CTTCATTGTCAGTGGA-1,36,60,01110,D
TTCAAAGTCTCTAGCC-1,35,75,90000,E
AAGCTCGTGCCAAGTC-1,35,73,00090,D
ATGCGACAGTCCCATT-1,35,71,00060,D
CTATCGGGTCTCAACA-1,35,69,00090,D
TAGGTTCGAGTTCGTC-1,35,67,00090,D
AGGGCTGCAGTTACAG-1,35,65,00130,D
GCGAGTTCTGCAAAGA-1,35,63,00020,D
CGGCCACGCACAAAGT-1,35,59,00120,D
CTACGCACGGAGTACC-1,35,57,01010,H
TTGAATATGGACTTTC-1,34,76,50000,E
TATTCAATTCTAATCC-1,34,74,90020,D
GGTAGTGCTCGCACCA-1,34,72,01190,D
GCGCTAATTGAATAGA-1,34,70,02090,D
GAATTATAGTGAAAGG-1,34,68,00030,D
CTAGCATAGTATAATG-1,34,66,00190,D
TATTCGTGCCAGAATA-1,34,64,00020,D
ACGCGGGCCAAGGACA-1,34,62,00030,D
GAAGCGTGAGGAATTT-1,34,60,00140,D
AAATTAACGGGTAGCT-1,34,58,00200,D
TCCCAGCTTTAGTCTG-1,34,56,01010,H
GGGAGTTAATGAGGCG-1,33,75,90050,E
GTCCCAACGTAAAGTA-1,33,73,00090,D
CCAAGCGTAACTCGTA-1,33,71,00150,D
GGGCTGCCTAGGGCGA-1,33,69,00070,D
ACGTAGATTGCTGATG-1,33,67,00170,D
ATCAATCTGGGCTGCA-1,33,65,01150,D
AGGGTTTAGTTCGGGA-1,33,63,00130,D
ACGCATTCGTGAGTAC-1,33,61,00310,D
CAGCTCACTGAGACAT-1,33,59,00030,D
TTGCTGATCATGTTCG-1,33,57,00050,D
ACTGTCCAGGATTATA-1,33,55,00070,H
CCGGGCGGTCTCGTCA-1,32,76,50000,E
TCGGAGTACATGAGTA-1,32,74,90030,E
ACAACAGCATGAGCTA-1,32,72,00090,D
CTCTCACAATCGATGA-1,32,70,01050,D
TCTTGATGCGTAGCGA-1,32,68,00390,D
TCTTCGATACCAATAA-1,32,66,01290,D
GGGAGAACTCACAGTA-1,32,64,01460,D
CTCTGGACGCCTGGTG-1,32,62,00310,D
GGGACTGCATAGATAG-1,32,60,00030,D
TATGGGTACGTATCGT-1,32,58,01030,D
CGGGCAGCTAAACCGC-1,32,56,01030,D
CGTATTAAGAGATCTA-1,32,54,01030,H
TAGTGCCCTCCAGAGT-1,32,52,00030,H
ATGCCGGTCTTGCATA-1,31,75,50000,E
TCAGCAAATGCATCTC-1,31,73,91090,E
ACACGAGACTCCTTCT-1,31,71,00090,D
GGCGGTAGGATCATTG-1,31,69,00090,D
TGCGCAAAGCATTTGG-1,31,67,01090,D
TCAAACTTAGATTGTT-1,31,65,00050,D
GCTGCTCTCCGGACAC-1,31,63,01160,D
GCGAAGCCATACCCGT-1,31,61,00010,D
CACAGCACCCACGGCA-1,31,59,00110,D
TCCAGGCGAGTACGGT-1,31,57,00050,D
ATATTTAACCCTCAAG-1,31,55,00040,D
TACGAACACGACTTCA-1,31,53,00030,H
GGGCTGGTTAGTCGCG-1,31,51,00030,H
GAGATCTGTCACTCCG-1,30,74,90000,E
GACACAAGGGAAGAAA-1,30,72,11090,D
GGCAATAGTCAATGAG-1,30,70,01090,D
TTAATGTAGACCAGGT-1,30,68,00060,D
CTATGTCACTAGCCCA-1,30,66,01150,D
ACTGTCTTCTTTAGAA-1,30,64,01090,D
TCCTTTCTTACGCTTA-1,30,62,00160,D
TGCAAGAATGACGTAA-1,30,60,00120,D
GTTTGACCAAATCCTA-1,30,58,00010,D
GATCATTCCAAACATT-1,30,56,00030,D
ACCACAAGTTTCTATC-1,30,54,00030,D
GAAATGGCGGTGTTAG-1,30,52,00030,H
AGTTCCTACAGAATTA-1,30,50,00040,H
CGAGAGATGTGAACCT-1,29,73,90000,E
CGAGGCTAAATATGGC-1,29,71,91050,D
CCTATGGGTTACCGTC-1,29,69,00090,D
CCTGTCACCCGGGCTC-1,29,67,00065,D
CAATTAAGGGTGATGA-1,29,65,01090,D
TCGCTCGATATATTCC-1,29,63,00090,D
GTCATGCACCTCCGTT-1,29,61,00090,D
CTCGAGGTCGAACAGT-1,29,59,00520,D
TAGCTAAGTCCGGGAG-1,29,57,00040,D
TAGAGTCTAAGCGAAC-1,29,55,00030,D
CTGGAAATGGATGCTT-1,29,53,00030,D
CAGTTCAAATTGACAC-1,29,51,00040,H
ACTTGGGACCCGGTGG-1,29,49,00040,H
TTGATCTAACTTTGTC-1,29,47,00000,H
TCAGGGTGTAACGTAA-1,28,72,90000,E
TTGGGACACTGCCCGC-1,28,70,50090,D
GATCGGTGGCCATAAC-1,28,68,00096,D
ACCGACTGAGTCCCAC-1,28,66,00050,D
ATAGGTTGGGCAGATG-1,28,64,00050,D
ACTTTCCTATAGCTTC-1,28,62,02050,D
GATCCCTTTATACTGC-1,28,60,00070,D
GGGCGATATGTGTGAA-1,28,58,00010,D
GAGACTGATGGGTAGA-1,28,56,00010,D
TGATCGGTTTGACCCT-1,28,54,00030,D
GTCCGGCTGAATTGCG-1,28,52,00040,D
TGATCTCCGGCGCCAG-1,28,50,00030,H
AAGGAGCGGTTGGTGC-1,28,48,00040,H
AGACTAGCCTTCCAGA-1,28,46,00040,H
CGCAATTAGGGTAATA-1,28,44,00000,H
ACACGGGAACTTAGGG-1,27,71,90000,E
TCCCGCGTACTCCTGG-1,27,69,52052,D
TCTACCGTCCACAAGC-1,27,67,00070,D
AGCACCAGTACTCACG-1,27,65,03090,D
CTACTGCCACCTGACC-1,27,63,01050,D
ATGGATTGACCAAACG-1,27,61,00070,D
CACCGCCAGAAGGTTT-1,27,59,00070,D
CGCATTAGCTAATAGG-1,27,57,00010,D
GTACTAAGATTTGGAG-1,27,55,00030,D
CCAGGGACGTGGCCTC-1,27,53,00050,D
CGCGTTCATGAAATAC-1,27,51,00030,D
CCTACTGCTTACACTT-1,27,49,00000,H
GATCGACACTATCTGA-1,27,47,00000,H
ATGCACTACCGCATTG-1,27,45,00000,H
GACTAAGTAGGCTCAC-1,27,43,00000,H
CTAGTTGGGCCCGGTA-1,26,68,52050,E
CATGGTCTAGATACCG-1,26,66,00070,D
TTATATTTGGCAATCC-1,26,64,00050,D
GTCATGGACATGACTA-1,26,62,00090,D
TCCCAAAGACGAAGGA-1,26,60,00090,D
GCTCTCGGGTACCGAA-1,26,58,01120,D
AGACCCGCCCTCCTCG-1,26,56,00150,D
TATGGATGTGCTACGC-1,26,54,00030,D
CATTATGCTTGTTGTG-1,26,52,01150,D
CCTGCTATTTGAGAAG-1,26,50,00030,D
ATAGAGTACTGGGACA-1,26,48,00000,H
CAGATACTAACATAGT-1,26,46,00000,H
ATCTTGACCTGCAACG-1,26,44,00000,H
GAATCGACATGGTCAC-1,26,42,00010,H
ACTCAATAAAGGCACG-1,25,69,12020,E
GATTCCCTTGTCGCAG-1,25,67,52030,E
ATGCATGATCCAGGAT-1,25,65,01090,D
ACGATCATACATAGAG-1,25,63,00030,D
TATGCTCCCTACTTAC-1,25,61,00150,D
AATGCAACCGGGTACC-1,25,59,00090,D
ATCGCACGCCGGGAGA-1,25,57,00150,D
AGCGACCAACGATATT-1,25,55,00140,D
TCCGATGGTGCGACAT-1,25,53,00050,D
TCAACCATGTTCGGGC-1,25,51,00060,D
GTTTCCTGGAGGGTGA-1,25,49,00000,D
CGCTGTGACGCCGCAC-1,25,47,00000,H
TTCGCACTCGCGTGCT-1,25,45,00030,H
ACACCTTAAGTAGGGC-1,25,43,00000,H
ACTACCAGCTCTCTGG-1,25,41,00010,H
CACACAGGGATAGATT-1,25,27,00010,H
ACCCACCTACATGCTC-1,25,25,00020,H
GATTCCTATACGGCGC-1,25,23,00020,H
CTCGCACCTATATAGT-1,24,68,51030,E
AGTCTTCTCCTCAAAT-1,24,66,90000,E
TTGTTCAGTGTGCTAC-1,24,64,01090,D
AAAGGGATGTAGCAAG-1,24,62,00030,D
TCAAACAACCGCGTCG-1,24,60,01040,D
GCTCTAAACCCTGACG-1,24,58,00090,D
ACACAAAGACGGGTGG-1,24,56,00110,D
GGGCGTACATTTATAT-1,24,54,00150,D
TTACAACTACGCATCC-1,24,52,00190,D
ACACCCAGCATGCAGC-1,24,50,00010,D
GTTGCACGGAGTTTCG-1,24,48,00030,D
TATTTGTTACCCTTTA-1,24,46,00000,H
TTCGACGGGAAGGGCG-1,24,44,00010,H
GCAAGTGCACAGAGAA-1,24,42,00010,H
AACGTCAGACTAGTGG-1,24,40,00020,H
AAGGCGCGTAAAGCTT-1,24,38,00010,H
TTACCCTAACAGTCCT-1,24,24,00010,H
TTAACACCTCGAACAT-1,24,22,00140,H
CGCCCTTGAAGGCTGA-1,24,20,00070,H
AGGCTTGCTAGACACC-1,24,18,00020,H
CGCAATCGATCATTAG-1,24,0,00000,H
CTTTAACTTTCAAAGG-1,23,67,51032,E
AACGCGGTCTCCAGCC-1,23,65,52091,D
GTAAGCGGGCAGTCAG-1,23,63,02090,D
ATCGACTCTTTCCGTT-1,23,61,01030,D
CGGGATCAATGTAAGA-1,23,59,00050,D
ATGTGCATCCGACGCA-1,23,57,00060,D
TGGTTCGTAGCAAAGG-1,23,55,01070,D
GACTAAGATCATGCAC-1,23,53,01070,D
CCCGTCAGCGTCTGAC-1,23,51,00150,D
TATCGATGATTAAACG-1,23,49,00050,D
AATGACTGTCAGCCGG-1,23,47,00000,D
TCACGGTCATCGCACA-1,23,45,00010,H
TCTAGCATCTTCGATG-1,23,43,00020,H
GGAGAAGTCATTGGCA-1,23,41,00010,H
ATTCCTCCGCCAGTGC-1,23,39,00040,H
TTGGCTCGCATGAGAC-1,23,37,00000,H
CCAGAGACAAAGCCGG-1,23,21,00010,H
AATACAATGTTTCAGG-1,23,19,00050,H
TATATGCTGGGTTGCC-1,23,7,01010,H
TACATGACCTTATCCG-1,23,5,00010,H
GAAGCCGGGTAAGCTC-1,23,3,00070,H
CATGGCTCCCTATGTC-1,23,1,01040,H
ATTAATACTACGCGGG-1,22,66,90000,E
TCTATCGGTCGCAACA-1,22,64,02190,D
CTCATTTGATGGGCGG-1,22,62,01090,D
TTATCTGTATCATAAC-1,22,60,01090,D
TTGTCGTTCAGTTACC-1,22,58,00030,D
CTGTTCACTGCCTGTG-1,22,56,00090,D
TAGGGTGTTTCAAGAG-1,22,54,00110,D
AGCATCGTCGATAATT-1,22,52,01070,D
GAACACACATCAACCA-1,22,50,00220,D
CCAAACAGAACCCTCG-1,22,48,00020,D
ATGAAGCCAAGGAGCC-1,22,46,00000,D
TTCTAGGCCAATTGTG-1,22,44,00010,H
TTGTTAGCAAATTCGA-1,22,42,00000,H
TCGTCCGCTGGCGTCT-1,22,40,00010,H
GCCCAGTTGGTATGCC-1,22,38,00030,H
GCTTGATGATAATCAG-1,22,36,00130,H
CTGTTCATCTCACGGG-1,22,34,00120,H
TTCTACTTGCGAGGGC-1,22,32,00210,H
TCATACTTACAGATCC-1,22,24,00030,H
CCGAAGTATATTGTTC-1,22,22,00220,H
TTGCTGCACCTATCCA-1,22,20,00250,H
GTTATTAACGTGGGAG-1,22,18,00040,H
AACGTTATCAGCACCT-1,22,10,00040,H
GTTTATGGGATTTAGA-1,22,8,00040,H
GTCCTTCTACAACCCA-1,22,6,00050,H
TTGCGCTCTCTCGCTT-1,22,4,00090,H
GGCCACACGAAAGCCT-1,22,2,00040,H
TCTTGGTAACACCAAA-1,21,65,90030,D
ACATAATAAGGCGGTG-1,21,63,90090,D
ATACTAGCATGACCCT-1,21,61,01090,D
TTGCACGGAGCAGCAC-1,21,59,01090,D
GTACGAGATTGCGACA-1,21,57,00060,D
AGATGACTCGCCCACG-1,21,55,00090,D
ATTATGCCATAGGGAG-1,21,53,02190,D
CTTGTACTTGTTGACT-1,21,51,01250,D
TTCCTCGAGGGTGTCT-1,21,49,00230,D
GCTAATACCGAATGCC-1,21,47,00000,D
CGCTCGACATAATGAT-1,21,45,00010,D
CCATGCTCTGCAGGAA-1,21,43,00000,H
TGCTGGTTGGACAATT-1,21,41,00010,H
TATAAGTGAGGATAGC-1,21,39,00000,H
TCTGAACCGGTCGGCT-1,21,37,00000,H
TAACAAAGGGAGAAGC-1,21,35,00130,H
TACGTGCACTATGCTG-1,21,33,00010,H
CACTTCGCCACAGGCT-1,21,31,00030,H
ATGCTCAGTGTTGCAT-1,21,29,00030,H
CTAATTTCAACAACAC-1,21,27,00030,H
CAGTAATCCCTCCCAG-1,21,25,00010,H
AGTGTGGTCTATTGTG-1,21,23,00030,H
TAGTACCTTAGTGGTC-1,21,21,00070,H
TAGTGTCAGAAACGGC-1,21,19,00090,H
GAATGCCGAAATGACC-1,21,17,00040,H
AGCCTTAAAGCGGAAG-1,21,15,00010,H
CGTTGTAAACGTCAGG-1,21,13,00040,H
TGCGATGCTAATGGCT-1,21,11,00010,H
GACATACTGTCGCAGA-1,21,9,00070,H
GGGATACGGTAATAAT-1,21,7,00160,H
TGGTCTAGCTTACATG-1,21,5,00010,H
TTGTTCTAGATACGCT-1,21,3,00040,H
GCTGCGCCTCCCACGT-1,21,1,00040,H
AACTGGGTCCCGACGT-1,20,66,50000,E
TAATACACAGTAGTAT-1,20,64,11090,E
CCAAGACTTCTGCGAA-1,20,62,01290,D
CACAGCTAGGGAGTGA-1,20,60,01090,D
GTATAGGACTCAGTAG-1,20,58,00090,D
GTGCGGGTCTCCAAAT-1,20,56,00090,D
GACAACGCAGCTTACG-1,20,54,01090,D
TCTCTAATAGCTGGTA-1,20,52,00090,D
CAACGACCCGTTTACA-1,20,50,00290,D
TTCAACGACCCGACCG-1,20,48,00040,D
CCAATTGAATGTTAAT-1,20,46,00010,D
TATAAATCCACAAGCT-1,20,44,00000,D
GCCTAGCGATCTGACC-1,20,42,00000,D
GTATCAGCTTGGGTTC-1,20,34,00120,H
CTGTATGGTGTAGAAA-1,20,32,00000,H
GATGTTTGTGCGAGAT-1,20,30,00010,H
TTAGCAACATGGATGT-1,20,28,00000,H
GTATTAAGGCGTCTAA-1,20,26,00030,H
GCTATCGCGGCGCAAC-1,20,24,00040,H
CTGGCGGGAATAAGTA-1,20,22,00020,H
CGTCATACCATATCCA-1,20,20,00040,H
TATACTCATGCGGCAA-1,20,18,00070,H
TCCGTAACCACAATCC-1,20,16,01150,H
GATCGGCGATAAGTCG-1,20,14,01140,H
TTCTGTTTCCTGTCGC-1,20,12,00110,H
TGGACACCGTTGCTTG-1,20,10,01120,H
AGTTCACCGGTTGGAC-1,20,8,00010,H
CTGTTGGCTCTTCTGA-1,20,2,03350,H
CATTACGTCGGCCCGT-1,19,65,50010,E
GAACGACCGAATGATA-1,19,63,92062,E
TCGCCGGTCGATCCGT-1,19,61,90334,D
CTCCGGCCTAATATGC-1,19,59,00090,D
TTGCTGAAGGAACCAC-1,19,57,00060,D
TTAACCAACCCTCCCT-1,19,55,00090,D
GGAGTGCCGCCCTGGA-1,19,53,00090,D
TGGCTTTGGGTAGACA-1,19,51,00050,D
ATTAGATTGATAGCGG-1,19,49,00290,D
AAGTAGAAGACCGGGT-1,19,47,00060,D
CATAGTAGCATAGTAG-1,19,45,00000,D
CACTGTCCAAGTGAGA-1,19,43,00110,D
CCCGCCATGCTCCCGT-1,19,41,00000,D
CGCTATTCAATGTATG-1,19,31,00010,H
GATGGCGCACACATTA-1,19,29,00000,H
TAACTCCATGGAGGCT-1,19,27,00000,H
CCCGCGCAATGCACCC-1,19,23,00010,H
TTGAACGAATCCTTTG-1,19,21,00020,H
GGGTTCAGACGAACAA-1,19,19,00020,H
TCCGATAATTGCCATA-1,18,64,80000,E
CCATAGGTTGGCGTGG-1,18,62,52053,E
TTGTGGCCCTGACAGT-1,18,60,30593,D
TATTTAGTCTAGATCG-1,18,58,01090,D
TGTTTCGGTACTTCTC-1,18,56,00090,D
TGAGAATGCTTTACCG-1,18,54,00030,D
TATCCATATCATGCGA-1,18,52,00060,D
CTCGGTCCGTAGCCTG-1,18,50,00090,D
GCGGGAACCAGGCCCT-1,18,48,00090,D
CAACTCCTTGATCCCG-1,18,46,00090,D
ATTACTAGCCTCTTGC-1,18,44,00110,D
CGCTTCCACTGAAATC-1,18,42,00110,D
ATATTGCTGTCAAAGT-1,18,32,00000,H
ATAATAGTGTAGGGAC-1,18,30,00010,H
GAGGTCCCAAAGATCT-1,18,26,00000,H
TTCGGCTAGAGATGGT-1,18,24,00010,H
GAAATACTAAACGTTT-1,18,22,00020,H
AGTCTGGACATCCTTG-1,18,20,00010,H
AACTTCTGCGTCTATC-1,18,18,00020,H
TTCTTAGTGGCTCAGA-1,17,61,20000,E
AGCGACATCCCATTCA-1,17,59,23382,D
CATGGCAGGAAGATCG-1,17,57,00090,D
TTGGATTGGGTACCAC-1,17,55,00030,D
GTTCCAGTCTGACCAT-1,17,53,00030,D
GATGCTACAAGCGCCT-1,17,51,00050,D
ACCAAGAACGCGTGTC-1,17,49,00090,D
TAATATTGAAATTCGC-1,17,47,00090,D
AGGGCGTGATCGGCTA-1,17,45,00090,D
CACCCACACGTCACCC-1,17,43,00060,D
TCGCTGTGCGTAAATC-1,17,41,00100,D
CACCTAATAGAGTCGT-1,17,25,00000,H
AGAATTGTTTGACATA-1,17,23,00010,H
TTGGCCATCTTGCGCT-1,17,21,00010,H
GGCGCTCCTCATCAAT-1,17,19,00020,H
ACACTCCAATGTCACT-1,17,17,00030,H
ATGACGCCGGCTCTAA-1,16,58,50299,D
TACCTCACGCTTGTAC-1,16,56,00092,D
ATGATCGGGAATAGAC-1,16,54,00030,D
CCGGGACCCGCAGAGA-1,16,52,00090,D
GCCTTCAGCCCTACCG-1,16,50,00090,D
CTTACACTGGGAAATA-1,16,48,00090,D
GGTGCGGATAAGTGGC-1,16,46,00060,D
CCCTCATTCTGGAATT-1,16,44,00030,D
GCATCCCTAACTTTGA-1,16,42,00050,D
TAAGGAACTTGTGGGA-1,16,40,00030,D
CATTTCTAGCAGACTA-1,16,26,00010,H
AAATGCTCGTTACGTT-1,16,24,00000,H
CAGTGGTTGCACATGA-1,16,22,00000,H
TGCCTGACATCGGTCA-1,16,20,00010,H
AGTTGCTGACTGATAT-1,16,18,00000,H
ATAATACCGTTAGCCG-1,16,16,00030,H
CCGACAAACACATGAG-1,16,14,00120,H
ATGTTCCTGCCCACCT-1,16,8,00060,H
ATCTGTAATTGTACCC-1,15,57,30399,E
AGGCCCATTGTACAGG-1,15,55,01090,D
AACGATAGAAGGGCCG-1,15,53,00030,D
GTTCTTCCCTCGATGT-1,15,51,00090,D
CTGCACCTGGAACCGC-1,15,49,00090,D
GTTGTCGTGTTAGTTG-1,15,47,00090,D
TCTTACAGAGGTACCG-1,15,45,00090,D
GAGTACGGGTATACAA-1,15,43,00060,D
GATAAATCGGTGGATG-1,15,41,00030,D
AACCCAGAGACGGAGA-1,15,39,00000,D
ACGGAATTTAGCAAAT-1,15,27,00000,H
CTGAGCAAGTAACAAG-1,15,25,00030,H
TCTGCGTCCGGTTTCT-1,15,23,00010,H
AATGAGTTCGCATATG-1,15,21,00010,H
CTCCGGCTTGTAGACA-1,15,19,00010,H
CCATAGTCAGTAACCC-1,15,17,00010,H
CATCCGCAGGCCCGAA-1,15,15,00020,H
TAGTCCGTATGCATAA-1,15,13,00030,H
GGCGGTTTGCCGGTGC-1,15,11,00030,H
ACGGGTCATGTGACTT-1,15,9,00030,H
CCGGCGCATATTGGAT-1,14,56,60059,E
TATCCTGCATGGGAAT-1,14,54,60050,D
ATTTAACTCGTATTAC-1,14,52,00060,D
CGCTTTCATACCGGTG-1,14,50,00030,D
CCAAGGAACAGAGAGG-1,14,48,00030,D
TGGAAGACGAACACCA-1,14,46,00170,D
CATCGCCCGCGGCCAA-1,14,44,00090,D
CAGCTCGTGCTTGTGT-1,14,42,00090,D
GAAGAACGGTGCAGGT-1,14,40,00030,D
CCATCCATACCAAGTC-1,14,38,00060,D
CGCTATACCGCCCACT-1,14,36,00010,D
TCTATTACGCTGGCGA-1,14,34,00040,D
GGGCGGTCCTATTGTC-1,14,28,00020,H
CAATCCTGCCGTGGAG-1,14,24,00000,H
CGGGCCATAGCCGCAC-1,14,18,00020,H
CCCTGATGTAACTCGT-1,14,16,00130,H
CACTTCGTCTTATCTC-1,14,14,00020,H
GTATAATCTCCCGGAT-1,14,12,00010,H
AGTGTGCTAAGATCGC-1,14,10,00030,H
CCAAGTTTCTACAGAT-1,14,8,00030,H
CCGCCGGTCAACACAC-1,13,55,50000,E
TAGAGCTACGAAGAAC-1,13,53,50050,D
AGTAGGTAACATACAT-1,13,51,50330,D
GAAATTCACATCGCTG-1,13,49,20030,D
AATCCAAGGGCCTGAG-1,13,47,00090,D
GCGGTCCCTAGACGCA-1,13,45,00090,D
GCACTAGTCGCGCTAT-1,13,43,00060,D
AGGTAACCTCCTATTC-1,13,41,00030,D
GTAGACGTCGTTACAT-1,13,39,01090,D
AGCGGGAAGGGTCCAT-1,13,37,01090,D
CATACAAAGCCGAACC-1,13,35,00040,D
TTATCCAATCGAACTC-1,13,33,00040,D
GTCAAAGTTTACATAG-1,13,29,00030,H
AGTTCTGCGTTGTATC-1,13,19,00020,H
GAAATGGGATGTAAAC-1,13,17,00030,H
CATTGTGTGCTAGATC-1,13,15,00020,H
GCGAGAAACGGGAGTT-1,13,13,00010,H
GTGCCTAGCTATGCTT-1,13,11,00010,H
GGTCCTTCATACGACT-1,13,9,00050,H
TCCGCAGCCACCTAGC-1,13,7,00040,H
ATTGGGAATATCTTGG-1,12,52,10000,E
CTCTGCGAAGCAAGCA-1,12,50,30000,E
CCGTGCCCATGACGGC-1,12,48,30000,E
CGAGCGTTGATCAGCC-1,12,46,00090,D
GGTAACTATGTATCTG-1,12,44,00090,D
GGTTTGAGTGCTGGAA-1,12,42,00021,D
GAGCATCATCCCTGGG-1,12,40,30030,D
GCCCACCAAGGCTGTC-1,12,38,30030,D
GGTCGGTAATTAGACA-1,12,36,00030,D
CCGTACCCAAGCGCCA-1,12,34,00090,D
CGCGGCAGTATTACGG-1,12,16,00020,H
CGTCGCGGCGGGATTT-1,12,14,00020,H
GTCATCTCCTACAGCT-1,12,12,00120,H
CCCTGTTGGCAAAGAC-1,12,10,00010,H
GAGGAGATCCTCATGC-1,12,8,00000,H
TTAATGTGTTTGCAGG-1,12,6,00020,H
TAGTCGGGATTCTTCG-1,12,4,00020,H
GATAGCGTACCACGCG-1,12,2,00040,H
CGTCAGTGCGCACAAG-1,11,49,10000,E
GTACTGAGGTCGTAAC-1,11,47,30030,E
GTCGTCAATTATAAGG-1,11,45,00030,D
CATGAACCGACATTTG-1,11,43,00010,D
GAATCGCCGGACACGG-1,11,41,00010,D
GTACTGCATGAAGCGT-1,11,39,10000,D
GTGAAACGTGCTCCAC-1,11,37,30030,D
TCAACACATTGGGTAA-1,11,35,00010,D
GAGGGCATCGCGTATC-1,11,33,00030,D
TGCGTGATTGGGTGTC-1,11,17,00010,H
TCACAGATCCTCAAAC-1,11,15,01050,H
CTCGAGATCCAAAGCA-1,11,13,00150,H
CCATATTGGATCATGA-1,11,11,00040,H
CGTCAATCTTTAACAT-1,11,9,00030,H
AGATGCTATAACGAGC-1,11,7,00050,H
CAACCGCACCTAGACA-1,11,5,00020,H
CGAGCCGAGCACTCGA-1,11,3,00040,H
AGCCGCTTGATTAGCG-1,11,1,00040,H
AAAGACCCAAGTCGCG-1,10,48,30000,E
TAAAGAGCCCGAAACC-1,10,46,30000,E
CGAGTGCTATAGTTCG-1,10,38,10030,D
ACTGTATACGCGAGCA-1,10,36,00010,D
CTTGTGAGTCTTTGAC-1,10,34,00020,D
TAATTAGATGGATATG-1,10,32,00010,D
CCAAAGCAGTTGGTTG-1,10,10,00030,H
AATTACTCGTACGCTC-1,10,8,00050,H
ACCACTGTTCAAGAAG-1,10,6,00050,H
TAGTGCTTGAATCCTT-1,10,4,00050,H
CCCGGCTAGGTGAGAA-1,10,2,00030,H
GACCTGGTCTGGGCGT-1,10,0,00060,H
GATATCAGTATGTATC-1,9,9,00290,H
TGGACGTAGGCGAATC-1,9,7,00050,H
GCCAGGCTTAGTGGTA-1,9,5,00040,H
ATCTAACGTCCCTATG-1,9,3,00000,H
ATATTATCCCGTATTT-1,9,1,00040,H
AGCGTACGAGAGCTAG-1,8,24,-1,H
ATTCAAAGTACCTGTT-1,8,6,00020,H
GTCAGACAGCGTTGGA-1,8,4,00020,H
GCGCTGGCGGAAAGTC-1,8,2,00040,H
CTGTCTGTGGCTGGCT-1,8,0,00160,H
CTAGATAAACTCCTCG-1,7,25,-1,H
GCGGTAACCCAAATGA-1,7,23,-1,H
GTATTCTTACCGTGCT-1,7,21,-1,H
GGTCTTGGTGTTAACT-1,7,1,00000,H

